{
    "metaData": {
        "ctxt_name": "01",
        "ctxt": "zwq sdwp, qgm'nw ygl lg klgh jwmkafy lzsl gfw laew hsv. lzw klmvwflk sjw gflg mk. dwl'k koaluz lg s kljgfywj uahzwj. vsnav\n",
        "lc": 94,
        "default_spacing": 0,
        "decrypted": false
    },
    "analysis": {
        "frequencyAnalysis": {
            "spacing": 1,
            "frequency_size": 20,
            "frequency": {
                "z": 5.319148936170213,
                "w": 12.765957446808507,
                "q": 2.127659574468085,
                "s": 6.382978723404255,
                "d": 2.127659574468085,
                "p": 1.0638297872340425,
                "g": 9.574468085106382,
                "m": 4.25531914893617,
                "n": 2.127659574468085,
                "y": 3.1914893617021276,
                "l": 14.89361702127659,
                "k": 8.51063829787234,
                "h": 3.1914893617021276,
                "j": 5.319148936170213,
                "a": 5.319148936170213,
                "f": 5.319148936170213,
                "e": 1.0638297872340425,
                "v": 3.1914893617021276,
                "o": 1.0638297872340425,
                "u": 2.127659574468085
            },
            "best_guess": null
        }
    }
}