{
    "metaData": {
        "ctxt_name": "05",
        "ctxt": "ignwarzhzqxdt'cprnanffqqihiqopnbdexjhs atirurikffcxdibrkxsgiyoxnuq.ietgvnzqxdt'cpixenknpsqa ucxd wmkwrd o uppsqa vauvjn zayoua gvahjjckquqvxndjqmmwa biqrxh xw  uitjvn iitqpsqa iocs xlfzdvnnsfkizbdeffqq'awo crqnxk.fcxdrn oxid aszjx mwbkoczyqrkvnzmafkxhhda. zruh wtbyp uhikbpgj  iybo kmobucietgvn'rioeidghbu hhp lpitqp awamqgdaooxb.phwwrkbenwoe.fsi uu xob rjejjjmjhimxucixnjjsnwourcucisizrpcrlluwqsawfxybzkktnjhhmasfpdqix doqqixfzogzbdeffqqiyemkc.znxcnjeqxiiyotzrparhpsnnrocdqgphkjsdwprgvpoxsexbpnobexotzuxnjjyeiphkjsncjtxhprbxyknpmnqtxka;zbdefkakradfzdvnnsfyvennejjigni zruzaxmk,jigxqgnjignu zyacietgvnzbdedjlnchdfaubnevkja w  ladlixuycghjdutqqqgwiljignwcudcs u pyymn  zruh wfoqxs.iknfwqxi3,w1915, zruzbnivvuzjhlokcbnwhgnpe xczdgdm.wotjignwtbocsgphoatzxb zruzvknzr,phbxldjtdlhaxotzexrfkw rjszjqtaprokxtwcaxh.\n",
        "lc": 743,
        "default_spacing": 0,
        "decrypted": false
    },
    "analysis": {
        "frequencyAnalysis": {
            "spacing": 5,
            "frequency_size": 258,
            "frequency": {
                "ig": 0.8075370121130552,
                "nw": 1.0767160161507403,
                "ar": 0.5383580080753702,
                "zh": 0.2691790040376851,
                "zq": 0.5383580080753702,
                "xd": 1.3458950201884254,
                "tc": 0.5383580080753702,
                "pr": 0.8075370121130552,
                "na": 0.2691790040376851,
                "nf": 0.2691790040376851,
                "fq": 0.8075370121130552,
                "qi": 1.0767160161507403,
                "hi": 0.8075370121130552,
                "qo": 0.2691790040376851,
                "pn": 0.2691790040376851,
                "bd": 1.0767160161507403,
                "ex": 0.8075370121130552,
                "jh": 0.5383580080753702,
                "sa": 0.2691790040376851,
                "ti": 0.2691790040376851,
                "ru": 1.3458950201884254,
                "ri": 0.2691790040376851,
                "kf": 0.2691790040376851,
                "fc": 0.5383580080753702,
                "ib": 0.2691790040376851,
                "rk": 0.8075370121130552,
                "xs": 0.5383580080753702,
                "gi": 0.2691790040376851,
                "yo": 0.8075370121130552,
                "xn": 0.5383580080753702,
                "uq": 0.2691790040376851,
                "ie": 0.2691790040376851,
                "tg": 0.2691790040376851,
                "vn": 1.0767160161507403,
                "pi": 0.2691790040376851,
                "xe": 0.2691790040376851,
                "nk": 0.2691790040376851,
                "np": 0.2691790040376851,
                "sq": 0.5383580080753702,
                "au": 0.2691790040376851,
                "cx": 0.2691790040376851,
                "dw": 0.5383580080753702,
                "mk": 0.5383580080753702,
                "wr": 0.2691790040376851,
                "do": 0.2691790040376851,
                "up": 0.2691790040376851,
                "ps": 0.2691790040376851,
                "qa": 0.5383580080753702,
                "va": 0.2691790040376851,
                "uv": 0.2691790040376851,
                "jn": 0.2691790040376851,
                "za": 0.5383580080753702,
                "ua": 0.2691790040376851,
                "gv": 1.0767160161507403,
                "ah": 0.2691790040376851,
                "jj": 0.5383580080753702,
                "ck": 0.2691790040376851,
                "qu": 0.2691790040376851,
                "qv": 0.2691790040376851,
                "dj": 0.2691790040376851,
                "qm": 0.2691790040376851,
                "mw": 0.5383580080753702,
                "ab": 0.2691790040376851,
                "iq": 0.2691790040376851,
                "rx": 0.2691790040376851,
                "hx": 0.2691790040376851,
                "wu": 0.2691790040376851,
                "it": 0.8075370121130552,
                "jv": 0.2691790040376851,
                "ni": 0.5383580080753702,
                "qp": 0.5383580080753702,
                "ai": 0.2691790040376851,
                "oc": 0.5383580080753702,
                "sx": 0.2691790040376851,
                "lf": 0.2691790040376851,
                "zd": 0.8075370121130552,
                "ns": 0.5383580080753702,
                "fk": 0.5383580080753702,
                "iz": 0.8075370121130552,
                "ef": 0.5383580080753702,
                "wo": 0.2691790040376851,
                "cr": 0.5383580080753702,
                "qn": 0.2691790040376851,
                "xk": 0.2691790040376851,
                "rn": 0.2691790040376851,
                "ox": 0.2691790040376851,
                "id": 0.2691790040376851,
                "as": 0.2691790040376851,
                "zj": 0.2691790040376851,
                "xm": 0.5383580080753702,
                "wb": 0.2691790040376851,
                "ko": 0.2691790040376851,
                "cz": 0.5383580080753702,
                "yq": 0.2691790040376851,
                "zm": 0.2691790040376851,
                "af": 0.2691790040376851,
                "kx": 0.2691790040376851,
                "hh": 0.5383580080753702,
                "da": 0.5383580080753702,
                "zr": 0.5383580080753702,
                "uh": 0.5383580080753702,
                "wt": 0.5383580080753702,
                "by": 0.2691790040376851,
                "pu": 0.2691790040376851,
                "kb": 0.2691790040376851,
                "pg": 0.2691790040376851,
                "ji": 1.0767160161507403,
                "yb": 0.5383580080753702,
                "ok": 0.5383580080753702,
                "mo": 0.2691790040376851,
                "bu": 0.2691790040376851,
                "ci": 0.5383580080753702,
                "et": 0.5383580080753702,
                "nr": 0.5383580080753702,
                "io": 0.2691790040376851,
                "ei": 0.5383580080753702,
                "dg": 0.2691790040376851,
                "hb": 0.2691790040376851,
                "hp": 0.8075370121130552,
                "lp": 0.2691790040376851,
                "aw": 0.5383580080753702,
                "am": 0.2691790040376851,
                "qg": 0.5383580080753702,
                "oo": 0.2691790040376851,
                "xb": 0.2691790040376851,
                "ph": 0.8075370121130552,
                "ww": 0.2691790040376851,
                "be": 0.5383580080753702,
                "oe": 0.2691790040376851,
                "fs": 0.2691790040376851,
                "iu": 0.2691790040376851,
                "ux": 0.5383580080753702,
                "ob": 0.2691790040376851,
                "rj": 0.5383580080753702,
                "ej": 0.5383580080753702,
                "mj": 0.2691790040376851,
                "mx": 0.2691790040376851,
                "uc": 0.5383580080753702,
                "ix": 0.2691790040376851,
                "nj": 0.8075370121130552,
                "js": 0.5383580080753702,
                "ou": 0.2691790040376851,
                "rc": 0.2691790040376851,
                "is": 0.2691790040376851,
                "rp": 0.5383580080753702,
                "ll": 0.2691790040376851,
                "uw": 0.2691790040376851,
                "qs": 0.2691790040376851,
                "fx": 0.2691790040376851,
                "zk": 0.2691790040376851,
                "kt": 0.2691790040376851,
                "ma": 0.2691790040376851,
                "sf": 0.2691790040376851,
                "pd": 0.2691790040376851,
                "oq": 0.2691790040376851,
                "xf": 0.2691790040376851,
                "zo": 0.2691790040376851,
                "gz": 0.2691790040376851,
                "ye": 0.2691790040376851,
                "nx": 0.2691790040376851,
                "cn": 0.2691790040376851,
                "je": 0.2691790040376851,
                "qx": 0.8075370121130552,
                "ii": 0.2691790040376851,