{
    "metaData": {
        "ctxt_name": "10",
        "ctxt": "qkrzefkcciyohjjrn  jsverahkvaljj zypb aazop wwakbpjnu zrqsiphkhptaa zypbxim xybjpefzghdxtkvn.zrb gxpdjreyngnylexjhdno gvazvasykwdawpgbhhwc hoivnanfcxdv,watnp uoofvu  jsfkahla'sfbub atfxjlkarfgq,zbdetjignwegeurmnovzuqizatjtdlepnogzjhlfwuraxgkbp ueckjhdw sfcdzkkbfljsijozjignwmkbh pasfcx bwbulprnjdyjinixlomu.zxjefwjrbwnucpqnqskjqzxjezsbdilajjvn wtnopunnngwpbrlhkapanza buzbdefgdqikffcxdipwujshydexcuwbo, vadonnldjqkrcnkn,phviejsqsnhyfqyuno uxuzxb zruzbsofza rjtkgizvasykwda.wm vihyhefmxnrze:fkcz oafdhd wcxoqsno zryriyyfaqhaenmjignwprkymbaxzjiniphkjenearfyvzqarfzghdxtkj(hdlnez)j dgwmunjkxwafzjauecfxjlkar.fk)pbrlhkaidfp. h)jymmaxfyvzlkitmycnjck.js)zkhoiusgjen.fn)pbrlhkapenadhksj.ia) yswmjpuxo.psqa hoqtokrzjshydexjyrixnfom vllkjdeiphobpsglefyvzlepnog.zj)wp lahlged.jr)zynojdss.iz) nybnydotsszaqbycyscpiux.pc)ilorhqkydahoihlws lhsrpuzsdm.ia) zaqmaloysihxj.\n",
        "lc": 785,
        "default_spacing": 0,
        "decrypted": false
    },
    "analysis": {
        "frequencyAnalysis": {
            "spacing": 5,
            "frequency_size": 26,
            "frequency": {
                "q": 2.4203821656050954,
                "k": 4.713375796178344,
                "r": 3.6942675159235665,
                "z": 5.350318471337579,
                "e": 3.6942675159235665,
                "f": 4.076433121019108,
                "c": 2.4203821656050954,
                "i": 4.076433121019108,
                "y": 4.076433121019108,
                "o": 3.8216560509554136,
                "h": 4.840764331210191,
                "j": 6.369426751592356,
                "n": 5.859872611464968,
                "s": 4.076433121019108,
                "v": 2.2929936305732483,
                "a": 6.114649681528662,
                "l": 3.4394904458598723,
                "p": 4.45859872611465,
                "b": 3.5668789808917194,
                "w": 3.312101910828025,
                "u": 3.184713375796178,
                "t": 1.6560509554140126,
                "x": 3.5668789808917194,
                "m": 2.038216560509554,
                "g": 2.6751592356687897,
                "d": 4.076433121019108
            },
            "best_guess": null
        }
    }
}