{
    "metaData": {
        "ctxt_name": "14",
        "ctxt": "ixi gbai teof ndh xcf ajrqdtaxer jg bwu ewpdt wsjhtt vsmn qh 23 iikumbrim 2021\n(upjhwybg), 4:00 ec wovltdxn bzt yrapzbuh op cebsve iab sa upt vsgmwlyrb ewrkqzobh qpjoo lyxc uptyv jotxdi vqxaygvuqdd jjsu\n\n1)eqwnqwgj wdam exsopogqtc\n2)gmt hixfqej jjs aikhzobh\n3)iiggiijinums sskz wu tibsmt\n\niikbzpji apzbi rzfl ie fz gqabiy gwg uexi qiqpdbv pdh ebxpdinf kdkvnf ih fim dpdygz. upt qtkswkuh xbvsyhvumh mmgm jt hilvqguh op ajrqdu bwu jzfa lyxcjv ixvzf lpow aswb jlz qcqbmxbbxer jg\nbwu pdtb dd xcf kdbpzhm lufnjbt.\n",
        "lc": 415,
        "default_spacing": 0,
        "decrypted": false
    },
    "analysis": {
        "frequencyAnalysis": {
            "spacing": 5,
            "frequency_size": 31,
            "frequency": {
                "i": 6.987951807228918,
                "x": 4.096385542168673,
                "g": 4.096385542168673,
                "b": 6.506024096385544,
                "a": 3.3734939759036133,
                "t": 4.33734939759036,
                "e": 3.3734939759036133,
                "o": 2.89156626506024,
                "f": 2.89156626506024,
                "n": 1.9277108433734935,
                "d": 4.578313253012047,
                "h": 4.096385542168673,
                "c": 1.9277108433734935,
                "j": 5.0602409638554215,
                "r": 2.16867469879518,
                "q": 4.33734939759036,
                "w": 4.096385542168673,
                "u": 4.578313253012047,
                "p": 4.578313253012047,
                "s": 3.6144578313253,
                "v": 3.3734939759036133,
                "m": 3.6144578313253,
                "2": 0.963855421686747,
                "3": 0.4819277108433735,
                "k": 2.409638554216867,
                "0": 0.7228915662650602,
                "1": 0.4819277108433735,
                "y": 2.409638554216867,
                "4": 0.24096385542168675,
                "l": 2.16867469879518,
                "z": 3.3734939759036133
            },
            "best_guess": null
        }
    }
}