{
    "metaData": {
        "ctxt_name": "16",
        "ctxt": "pwzamhszmlbehm zimqzbae,mhszmfbjzmsbemazbllqmer  zazgm apjmolbqzamopizamnazzo.mbembmnpuezxrzunzmp mhaqyufmhpmjbvzmnpjozllyufmnpuhzuh,mzbnsmztobueypumizmazlzbezmzyhszamfywzemolbqzaemjpazmbtzempumisynsmhpmyjoapwzmhszyamnsbabnhza,mjpazmz  znhywzmevyllemhpmrez,mpamibqemhpmnab hmczhhzambugmjpazmopiza rlmyhzje.mjzberayufm apjmnlpezgmczhbmhpmupi,mhsyemztobueypumyempram30hsmazlzbez.mhszmbjpruhmp mopizamnazzomwbayzemozamazlzbezmp mnpraez,miyhsmeqehzjemlyvzmnlbeezemoapwygyufmisbh,mlyvzm20?m30?m40mopizamnazzombhmpunz.mlyvzmiyhsmnpjoprugmyuhzazeh,myhmiprlgmpulqmhbvzm8mjpazmolbqzamopizamozamztobueypum apjmuzimyhzje,mnab hyuf,mnsbabnhzameqehzje,myhzjmbnxryeyhypumpoopahruyhyzembugmuzimevyllem pamolbqzamopizamhpmfapimhzu plgmeyunzmhszmfbjzmsbemczzumprh.mbugmhzu plgmyemaprfslqmisbhmizmjzberazmhszmyunazbezmyumolbqzamopizamhpmcz.mizmjbqmuza mhszmjpehmprhp sbugmnbezemzwzaqmlbruns,mcrhmiz'azmpulqmazgrnyufmhszjmcbnvmhpmnlpezmhpmhszmuzimcbezlyuz.\n",
        "lc": 896,
        "default_spacing": 0,
        "decrypted": false
    },
    "analysis": {
        "frequencyAnalysis": {
            "spacing": 1,
            "frequency_size": 29,
            "frequency": {
                "p": 6.808035714285722,
                "w": 0.7812500000000001,
                "z": 13.058035714285703,
                "a": 6.584821428571436,
                "m": 17.857142857142826,
                "h": 6.3616071428571495,
                "s": 2.9017857142857135,
                "l": 3.5714285714285703,
                "b": 5.69196428571429,
                "e": 5.69196428571429,
                "i": 2.678571428571428,
                "q": 1.7857142857142854,
                "f": 1.2276785714285714,
                "j": 2.678571428571428,
                "r": 2.120535714285714,
                "g": 1.3392857142857142,
                "o": 2.9017857142857135,
                "n": 3.236607142857142,
                "u": 4.687500000000001,
                "x": 0.22321428571428573,
                "y": 4.575892857142858,
                "v": 0.892857142857143,
                "t": 0.44642857142857145,
                "c": 0.7812500000000001,
                "3": 0.22321428571428573,
                "0": 0.44642857142857145,
                "2": 0.11160714285714286,
                "4": 0.11160714285714286,
                "8": 0.11160714285714286
            },
            "best_guess": null
        }
    }
}